arm,n_units,condition,frozen_fraction,gain_scale,seed,p_value,expected_in_degree,realized_degree_mean,realized_degree_min,realized_degree_max,synapse_count,plastic_weight_count,initial_spectral_radius,n_training_trials,final_heldout_nmse,final_heldout_raw_mse,learning_curve_auc,final_weight_change_fro,final_spectral_radius,final_d_pr,final_d90,elapsed_seconds
control_random,200,p0.05,nan,1.0,0,0.05,9.950000000000001,9.87,3,19,1974,1974,1.495341793531799,200,0.45477199643865907,0.009095439928773182,0.5648135401685692,17.994926303220137,2.1315800189093834,4.2744331839764325,13,51.08249637900008
control_random,200,p0.10,nan,1.0,0,0.1,19.900000000000002,20.28,10,31,4056,1974,1.5261308668644236,200,0.6011584182559822,0.012023168365119645,0.7639793671279855,18.180849645064608,2.1781167577319653,5.692370150625107,16,45.38882831899991
control_random,200,p0.20,nan,1.0,0,0.2,39.800000000000004,39.795,28,55,7959,1974,1.5902336701522826,200,0.44054504162888586,0.008810900832577719,0.5611434158518367,16.93921224743971,1.8887095712212423,4.090408723786172,12,46.667883017999884
control_random,200,p0.40,nan,1.0,0,0.4,79.60000000000001,78.5,62,99,15700,1974,1.5151767461185657,200,0.6086484709315485,0.012172969418630972,0.7403897260262424,17.45423180770729,1.9832015786337363,5.247718943219876,16,45.28264190499999
control_random,200,p0.05,nan,1.0,1,0.05,9.950000000000001,10.085,3,18,2017,2017,1.5728289312089911,200,0.2922935401598116,0.005845870803196234,0.43012841934344337,18.25330973623692,2.087053036611324,3.4031941154277714,9,50.06558470100026
control_random,200,p0.10,nan,1.0,1,0.1,19.900000000000002,19.93,9,32,3986,2017,1.603557616202743,200,0.3050071480816477,0.006100142961632955,0.4678197797041052,18.376616032712924,2.1178144543540136,4.091277019062785,12,46.5590677780001
control_random,200,p0.20,nan,1.0,1,0.2,39.800000000000004,39.615,25,56,7923,2017,1.5317698468983543,200,0.2765568971410007,0.005531137942820014,0.3681689319704505,17.89639725689195,2.178863445238439,3.6087400087573145,11,46.033756938999886
control_random,200,p0.40,nan,1.0,1,0.4,79.60000000000001,79.945,59,97,15989,2017,1.6359988786176312,200,0.5162908255299086,0.010325816510598173,0.6111894865325662,18.336069868785106,2.1101996474664633,3.757291286704199,14,44.898721800999965
control_random,200,p0.05,nan,1.0,2,0.05,9.950000000000001,9.695,2,19,1939,1939,1.5529577225853046,200,0.27209168258567673,0.005441833651713535,0.3603507153679923,17.444408229601557,1.9768892011330301,2.5101786788595284,5,51.603754424999806
control_random,200,p0.10,nan,1.0,2,0.1,19.900000000000002,20.31,8,36,4062,1939,1.6491755211305246,200,0.36396563214664346,0.00727931264293287,0.48758343251725916,16.898542228976698,2.172473805784912,3.3790838292800545,10,43.76202201599972
control_random,200,p0.20,nan,1.0,2,0.2,39.800000000000004,39.93,26,57,7986,1939,1.5977169053837534,200,0.3597771240572604,0.00719554248114521,0.49904564226962,17.15190246420608,2.130011856982726,3.240975177841849,8,47.239448623000044
control_random,200,p0.40,nan,1.0,2,0.4,79.60000000000001,79.745,62,103,15949,1939,1.5818073183062278,200,0.20416112357507238,0.004083222471501448,0.31071633049274044,17.12376616370891,2.1562192778914793,3.0650995722322087,8,43.70904305699992
control_random,200,p0.05,nan,1.0,3,0.05,9.950000000000001,10.375,3,17,2075,2075,1.6051902349827163,200,0.40759939537683804,0.008151987907536762,0.5274301179122836,17.08397004638528,2.160080537048904,3.5347620564322138,12,50.671131091999996
control_random,200,p0.10,nan,1.0,3,0.1,19.900000000000002,20.3,8,30,4060,2075,1.5210844010366658,200,0.4567430571036549,0.0091348611420731,0.5802994418153825,19.67712048999202,2.0845583989833663,2.573616704455256,10,47.48808406599983
control_random,200,p0.20,nan,1.0,3,0.2,39.800000000000004,39.87,24,55,7974,2075,1.5386710773925683,200,0.36885802899544656,0.007377160579908932,0.425159079550783,16.05244046363034,1.9610095929414564,2.8611195639416107,9,46.20238358400002
control_random,200,p0.40,nan,1.0,3,0.4,79.60000000000001,79.135,60,97,15827,2075,1.6201387639837361,200,0.34281712191648855,0.006856342438329771,0.3931998710972289,15.038890771576293,2.0825986849660554,3.2389912027938794,8,44.24623769599998
control_random,200,p0.05,nan,1.0,4,0.05,9.950000000000001,9.82,4,19,1964,1964,1.5874030774091823,200,0.2706458599473256,0.005412917198946513,0.33935445797172337,17.69887607675572,2.0237514453746392,3.1291551703383584,7,44.930539554999996
control_random,200,p0.10,nan,1.0,4,0.1,19.900000000000002,19.945,10,33,3989,1964,1.5407984626142104,200,0.3099505975050561,0.006199011950101123,0.41236752514808794,17.695812390294773,2.0434738061784734,3.3259224064808106,10,45.706225618999724
control_random,200,p0.20,nan,1.0,4,0.2,39.800000000000004,39.95,26,58,7990,1964,1.5413045604875235,200,0.30438735909954645,0.006087747181990929,0.3594465358587852,17.665716959717038,2.0188939648653026,3.1849176446196754,9,45.91285130899996
control_random,200,p0.40,nan,1.0,4,0.4,79.60000000000001,79.915,61,98,15983,1964,1.5732795108330466,200,0.38299981269915184,0.007659996253983038,0.5451985125645934,17.991072629711937,2.187482635503272,2.958233906945515,8,43.687597278999874
control_random,200,p0.05,nan,1.0,5,0.05,9.950000000000001,10.57,4,19,2114,2114,1.6184323054031027,200,0.3080093485332542,0.0061601869706650846,0.45901471064592614,17.54303988655585,2.179078047240924,3.6402374797602053,11,44.38985818099991
control_random,200,p0.10,nan,1.0,5,0.1,19.900000000000002,20.535,9,35,4107,2114,1.5928714941208355,200,0.3148512539497591,0.006297025078995183,0.4297178498577105,16.409542298041377,2.019334213926769,3.7477943105000104,11,45.54018943900019
control_random,200,p0.20,nan,1.0,5,0.2,39.800000000000004,40.175,26,53,8035,2114,1.6067348797276146,200,0.23850157628043955,0.004770031525608792,0.32705906269227847,16.443168823756793,2.048852331553592,3.2238986122793767,9,46.31274786899985
control_random,200,p0.40,nan,1.0,5,0.4,79.60000000000001,79.915,63,96,15983,2114,1.5125041571737956,200,0.35792217148131494,0.007158443429626299,0.5294270503714812,18.59590879485127,2.1853817171976386,3.96772866198181,13,43.94442544799995
control_random,200,p0.05,nan,1.0,6,0.05,9.950000000000001,9.645,3,19,1929,1929,1.6288936480071088,200,0.2145095407279849,0.0042901908145596985,0.3983053547962651,17.610068300446233,1.9954964944886318,3.2798983142474856,8,45.90077459300028
control_random,200,p0.10,nan,1.0,6,0.1,19.900000000000002,19.865,11,31,3973,1929,1.5259065146384367,200,0.3908505289809421,0.007817010579618842,0.5796324816578989,17.745637593177687,2.0923065628243087,3.0454883718631356,10,46.69393723300027
control_random,200,p0.20,nan,1.0,6,0.2,39.800000000000004,40.06,25,60,8012,1929,1.5080959098367905,200,0.32938454191177036,0.0065876908382354075,0.4441131394622915,17.559350684113223,2.019917848754205,3.4280154518591424,9,48.67438099899982
control_random,200,p0.40,nan,1.0,6,0.4,79.60000000000001,80.155,59,98,16031,1929,1.578782309788662,200,0.31875410762097856,0.006375082152419572,0.38565958179538307,15.705247542320139,2.0850776273634097,3.2056839541413535,8,44.90330631100005
control_random,200,p0.05,nan,1.0,7,0.05,9.950000000000001,9.81,0,19,1962,1962,1.4770066984621855,200,0.44982025835021294,0.00899640516700426,0.5330546897847265,19.00605356019907,2.1390156118308368,4.010072976252368,12,44.70281192499988
control_random,200,p0.10,nan,1.0,7,0.1,19.900000000000002,19.62,8,30,3924,1962,1.579374467960982,200,0.3313224357709535,0.00662644871541907,0.4413279459689393,17.469170272380094,2.0400362882850684,3.256055332179271,10,46.42133504399999
control_random,200,p0.20,nan,1.0,7,0.2,39.800000000000004,39.33,23,55,7866,1962,1.6185713768271706,200,0.34115757312695144,0.00682315146253903,0.5081018209175298,16.85075528090366,2.1159967202288246,3.8265908048273776,11,44.462000090999936
control_random,200,p0.40,nan,1.0,7,0.4,79.60000000000001,79.595,58,97,15919,1962,1.5988854482655037,200,0.7229305178909983,0.014458610357819968,0.7720019944675717,16.37449539515694,2.1577237412239567,3.1907426925333784,11,44.98194178899985
