arm,n_units,condition,frozen_fraction,gain_scale,seed,p_value,expected_in_degree,realized_degree_mean,realized_degree_min,realized_degree_max,synapse_count,plastic_weight_count,initial_spectral_radius,checkpoint_trial,heldout_nmse,heldout_raw_mse,online_feedback_loss,weight_change_fro,spectral_radius,d_pr,d90,per_target_mse_json
frozen,200,p0.10_f0.500,0.5,1.0,15,0.1,19.900000000000002,19.77,10,35,3954,1991,1.4638403689964645,0,1.0039845946825037,0.020079691893650078,nan,0.0,1.4638403689964645,7.019004912205709,12,"{""0"": 0.019709184261827863, ""1"": 0.019754231927187012, ""2"": 0.022120428866313897, ""3"": 0.019724280147481094, ""4"": 0.01990961360271938, ""5"": 0.01926041255637122}"
frozen,200,p0.10_f0.500,0.5,1.0,15,0.1,19.900000000000002,19.77,10,35,3954,1991,1.4638403689964645,10,0.5932556798891827,0.011865113597783656,24.400746003064597,13.301798427320685,2.0279446715661384,3.125164436239837,9,"{""0"": 0.008026400072025545, ""1"": 0.0032954331944768252, ""2"": 0.013852554202677853, ""3"": 0.019731020565171165, ""4"": 0.02203330324187997, ""5"": 0.004251970310470579}"
frozen,200,p0.10_f0.500,0.5,1.0,15,0.1,19.900000000000002,19.77,10,35,3954,1991,1.4638403689964645,20,0.4717393617300046,0.009434787234600093,11.057578101653029,14.169759504246382,2.202121981232383,2.2592936443712057,7,"{""0"": 0.012000172288784923, ""1"": 0.002956360340969854, ""2"": 0.004950449151045843, ""3"": 0.01867387857721835, ""4"": 0.011298862061701472, ""5"": 0.006729000987880119}"
frozen,200,p0.10_f0.500,0.5,1.0,15,0.1,19.900000000000002,19.77,10,35,3954,1991,1.4638403689964645,30,0.3483831566558591,0.006967663133117183,0.9359282671885787,14.920273808554045,2.1124321184922334,2.5404772489782657,7,"{""0"": 0.006196139869250756, ""1"": 0.0020949231475022164, ""2"": 0.0065974273868334155, ""3"": 0.019371066457488116, ""4"": 0.001893684765355281, ""5"": 0.005652737172273309}"
frozen,200,p0.10_f0.500,0.5,1.0,15,0.1,19.900000000000002,19.77,10,35,3954,1991,1.4638403689964645,40,0.3188665348965146,0.006377330697930293,1.166358152617688,15.434239460043614,2.0699347602457867,2.9637435839769806,8,"{""0"": 0.0021140797986893005, ""1"": 0.001514587683458198, ""2"": 0.0074797396601951616, ""3"": 0.016919010203626496, ""4"": 0.004209464354188255, ""5"": 0.006027102487424345}"
frozen,200,p0.10_f0.500,0.5,1.0,15,0.1,19.900000000000002,19.77,10,35,3954,1991,1.4638403689964645,50,0.33121910403370125,0.006624382080674026,2.445296256386975,15.530844382098786,2.148401009508971,2.8291119004374163,7,"{""0"": 0.002185081442897156, ""1"": 0.0025868344846985435, ""2"": 0.004907385458199696, ""3"": 0.01935845505465133, ""4"": 0.0070753657571471455, ""5"": 0.0036331702864502826}"
frozen,200,p0.10_f0.500,0.5,1.0,15,0.1,19.900000000000002,19.77,10,35,3954,1991,1.4638403689964645,60,0.2987915520856876,0.005975831041713752,3.588180158190074,15.787251151264952,2.1432962158024838,2.910260429857758,7,"{""0"": 0.0019848761984470665, ""1"": 0.0024186809335916934, ""2"": 0.004452858513039487, ""3"": 0.016141965145152683, ""4"": 0.006829587044153146, ""5"": 0.004027018415898436}"
frozen,200,p0.10_f0.500,0.5,1.0,15,0.1,19.900000000000002,19.77,10,35,3954,1991,1.4638403689964645,70,0.28754802604475027,0.005750960520895006,1.3352602085430987,15.952024616711531,2.1073003367328855,3.0299669879394386,7,"{""0"": 0.0013852033104484007, ""1"": 0.002588546628047998, ""2"": 0.005533172930821886, ""3"": 0.016049484473137022, ""4"": 0.005312791610775776, ""5"": 0.003636564172138955}"
frozen,200,p0.10_f0.500,0.5,1.0,15,0.1,19.900000000000002,19.77,10,35,3954,1991,1.4638403689964645,80,0.30907290803896,0.006181458160779201,12.468679310994261,16.18750575199158,2.0438517935173133,3.0350876305580234,7,"{""0"": 0.0018774121017155003, ""1"": 0.003056493889307837, ""2"": 0.007240845601111728, ""3"": 0.016315101729164956, ""4"": 0.005350430402698581, ""5"": 0.0032484652406766087}"
frozen,200,p0.10_f0.500,0.5,1.0,15,0.1,19.900000000000002,19.77,10,35,3954,1991,1.4638403689964645,90,0.2819948088054623,0.005639896176109246,1.692549203705295,16.258913223295313,2.0549841475797614,2.9874656452021635,7,"{""0"": 0.001800983559797634, ""1"": 0.0016374933660297092, ""2"": 0.007490638945241733, ""3"": 0.014068300280420679, ""4"": 0.004478723222013136, ""5"": 0.004363237683152589}"
frozen,200,p0.10_f0.500,0.5,1.0,15,0.1,19.900000000000002,19.77,10,35,3954,1991,1.4638403689964645,100,0.2736293418785486,0.005472586837570973,2.4315345876012215,16.361411485466302,2.0834974675720526,2.886022183621062,7,"{""0"": 0.0015886361974714537, ""1"": 0.0022670235983200896, ""2"": 0.008688555170267715, ""3"": 0.011244200556534611, ""4"": 0.004742116097168612, ""5"": 0.004304989405663354}"
frozen,200,p0.10_f0.500,0.5,1.0,15,0.1,19.900000000000002,19.77,10,35,3954,1991,1.4638403689964645,110,0.27228384655586935,0.005445676931117388,0.8635054908525288,16.47704586300122,2.0791441827764916,2.897304433340628,7,"{""0"": 0.0016402883295189505, ""1"": 0.0024387487515831903, ""2"": 0.009527137728279454, ""3"": 0.009589895307900788, ""4"": 0.004853463213071589, ""5"": 0.004624528256350352}"
frozen,200,p0.10_f0.500,0.5,1.0,15,0.1,19.900000000000002,19.77,10,35,3954,1991,1.4638403689964645,120,0.2671403105084745,0.005342806210169491,4.010635150019219,16.568440233916874,2.114338703324237,2.846665562872567,7,"{""0"": 0.0019008159789573632, ""1"": 0.0024873623337015346, ""2"": 0.008807556907080332, ""3"": 0.00915465166310379, ""4"": 0.004992341310856575, ""5"": 0.004714109067317347}"
frozen,200,p0.10_f0.500,0.5,1.0,15,0.1,19.900000000000002,19.77,10,35,3954,1991,1.4638403689964645,130,0.2701217402013227,0.005402434804026454,2.32620193628891,16.66849265138564,2.114691770785811,2.9434068996797285,7,"{""0"": 0.0018393776619083698, ""1"": 0.0032065730544929283, ""2"": 0.009297857082890036, ""3"": 0.007821705076770168, ""4"": 0.005706838192417932, ""5"": 0.0045422577556792935}"
frozen,200,p0.10_f0.500,0.5,1.0,15,0.1,19.900000000000002,19.77,10,35,3954,1991,1.4638403689964645,140,0.2670405097898524,0.005340810195797048,0.8883929656608661,16.77028798641705,2.125589381564427,2.899877862774645,7,"{""0"": 0.0020295122725890306, ""1"": 0.003165609514343136, ""2"": 0.008818708515487031, ""3"": 0.007216659367678631, ""4"": 0.005820130581054971, ""5"": 0.004994240923629491}"
frozen,200,p0.10_f0.500,0.5,1.0,15,0.1,19.900000000000002,19.77,10,35,3954,1991,1.4638403689964645,150,0.2639984388826972,0.005279968777653944,2.051005530477554,16.848930782905335,2.1095703943655755,2.9046871753098897,7,"{""0"": 0.001763976159740406, ""1"": 0.0031879043767738847, ""2"": 0.009461862129496198, ""3"": 0.0068992758189316186, ""4"": 0.005136561519942015, ""5"": 0.005230232661039544}"
frozen,200,p0.10_f0.500,0.5,1.0,15,0.1,19.900000000000002,19.77,10,35,3954,1991,1.4638403689964645,160,0.25914853489211426,0.005182970697842286,6.531801828682569,16.93760000628365,2.1083051171520224,2.931805570592687,7,"{""0"": 0.0015759433027874037, ""1"": 0.0030783369538953326, ""2"": 0.00906536334494317, ""3"": 0.006412810171042083, ""4"": 0.005623434954028591, ""5"": 0.005341935460357135}"
frozen,200,p0.10_f0.500,0.5,1.0,15,0.1,19.900000000000002,19.77,10,35,3954,1991,1.4638403689964645,170,0.2719765774205603,0.005439531548411207,2.0358057608615185,16.98776454097825,2.124397043259665,2.8832251435427683,7,"{""0"": 0.001830543876664229, ""1"": 0.0033613238064643196, ""2"": 0.009205001216554345, ""3"": 0.007166798594897157, ""4"": 0.00582951803177041, ""5"": 0.005244003764116783}"
frozen,200,p0.10_f0.500,0.5,1.0,15,0.1,19.900000000000002,19.77,10,35,3954,1991,1.4638403689964645,180,0.2782061851084804,0.005564123702169609,1.2387918914030394,17.058652776566564,2.123654970742105,2.890911676046833,7,"{""0"": 0.001940828347254022, ""1"": 0.003261481350494861, ""2"": 0.010048092580115183, ""3"": 0.0070657825679360155, ""4"": 0.005815020186892515, ""5"": 0.0052535371803250535}"
frozen,200,p0.10_f0.500,0.5,1.0,15,0.1,19.900000000000002,19.77,10,35,3954,1991,1.4638403689964645,190,0.27299659892507466,0.005459931978501495,1.7276201336400028,17.1177951231987,2.122362439926599,2.897936727775042,7,"{""0"": 0.0018212086253286373, ""1"": 0.0031674049625534627, ""2"": 0.00992760159083589, ""3"": 0.006905673607205114, ""4"": 0.005693490980455307, ""5"": 0.005244212104630556}"
frozen,200,p0.10_f0.500,0.5,1.0,15,0.1,19.900000000000002,19.77,10,35,3954,1991,1.4638403689964645,200,0.27306671058145576,0.005461334211629116,3.5574184884496183,17.202185809886956,2.134302336523667,2.855911824343924,7,"{""0"": 0.0019299393523901666, ""1"": 0.0027553778022430878, ""2"": 0.010152418115181753, ""3"": 0.0069873930114704285, ""4"": 0.005564400754976189, ""5"": 0.005378476233513069}"
