arm,n_units,checkpoint_trial,seeds,contrast,n_seeds,mean,sd,ci_low,ci_high,n_positive,sign_test_p
control,200,60,0-7,h1,8,-0.08997724058523346,0.034665869070783416,-0.1126480431519521,-0.06783728909800918,0,0.0078125
control,200,60,0-7,h2,8,-0.022569008657871585,0.36679129663643817,-0.26860221501175197,0.2011289017206906,5,0.7265625
control,200,100,0-7,h1,8,-0.06414912968407921,0.047706676422051994,-0.09566074682736159,-0.034334859714192444,1,0.0703125
control,200,100,0-7,h2,8,0.012685373249266232,0.32317758881588615,-0.18947134526731008,0.2301350495896307,5,0.7265625
control,200,150,0-7,h1,8,-0.06862823785261465,0.03218705226832491,-0.0907676036415708,-0.049265663896089586,0,0.0078125
control,200,150,0-7,h2,8,0.02627038604502189,0.29859128172127036,-0.1651959165039414,0.21876897307089513,4,1.0
control,200,200,0-7,h1,8,-0.06195411440387694,0.054546190225759295,-0.09853192410845983,-0.027932804708873833,1,0.0703125
control,200,200,0-7,h2,8,-2.2261931198405693e-05,0.3216993622541628,-0.21169565562964157,0.20258552872246866,4,1.0
control_gain,200,60,0-7,h1,8,-0.06823685460730383,0.07213525399813518,-0.1170508356029308,-0.024431698488542916,0,0.0078125
control_gain,200,60,0-7,h2,8,0.047275190787375604,0.28819842705143967,-0.1419038563297454,0.23068106017717319,5,0.7265625
control_gain,200,100,0-7,h1,8,-0.05053491115682012,0.09040728452354846,-0.11453542255117383,0.0030236684261888275,2,0.2890625
control_gain,200,100,0-7,h2,8,0.07662963789855719,0.24635556631796673,-0.08699387656488095,0.23287578917415455,5,0.7265625
control_gain,200,150,0-7,h1,8,-0.052108885413906646,0.07731996264227105,-0.10904597573141747,-0.010772652884447731,1,0.0703125
control_gain,200,150,0-7,h2,8,0.007299946713151796,0.23561955094302714,-0.14627119331273142,0.15644345264389453,4,1.0
control_gain,200,200,0-7,h1,8,-0.04450916028569366,0.0908615315080238,-0.10777537759017687,0.00875129457742567,3,0.7265625
control_gain,200,200,0-7,h2,8,-0.007335381864448966,0.25649109860598923,-0.1763957276789282,0.15479262634030846,4,1.0
primary,200,60,0-7,h1,8,0.17722243181787112,0.0650929288060569,0.1356193791930632,0.21927457804873413,8,0.0078125
primary,200,60,0-7,h2,8,0.005135570439788229,0.13745191065485812,-0.07964069068583811,0.096805051835391,3,0.7265625
primary,200,100,0-7,h1,8,0.20834890268782993,0.039661225861865344,0.1792939607315835,0.22748216198597354,8,0.0078125
primary,200,100,0-7,h2,8,0.11385182536096403,0.1139803127979104,0.03438623651599447,0.17973553992391986,7,0.0703125
primary,200,150,0-7,h1,8,0.20157755632498442,0.06441599183464349,0.15928314808004543,0.24247350821393593,8,0.0078125
primary,200,150,0-7,h2,8,0.1323297992092871,0.14203363475895373,0.03830933308447778,0.2210978680209682,6,0.2890625
primary,200,200,0-7,h1,8,0.19939139476158607,0.06587549846578053,0.15712561629753485,0.24271528012193727,8,0.0078125
primary,200,200,0-7,h2,8,0.09861677233193968,0.14857030277353905,0.005544523077028005,0.19568188890465976,5,0.7265625
primary_gain,200,60,0-7,h1,8,0.1534331108291911,0.11423959436919931,0.07671552682070269,0.2242215539869093,7,0.0703125
primary_gain,200,60,0-7,h2,8,-0.0025655903106745967,0.2029638118263273,-0.12489495673747553,0.1366305693181264,4,1.0
primary_gain,200,100,0-7,h1,8,0.17558821741038672,0.12379321475494769,0.08477001842264012,0.24041871429454054,7,0.0703125
primary_gain,200,100,0-7,h2,8,0.09541872747480377,0.12559993564900868,0.01357364895889029,0.17575057199626715,6,0.2890625
primary_gain,200,150,0-7,h1,8,0.177666561616149,0.12183945345417026,0.09469921108850712,0.25033083384437427,7,0.0703125
primary_gain,200,150,0-7,h2,8,0.11798088312526839,0.17070714790520972,0.000156056105718283,0.218751401052653,6,0.2890625
primary_gain,200,200,0-7,h1,8,0.18428444463906915,0.12396469281158393,0.09831867220283279,0.2579594088054589,7,0.0703125
primary_gain,200,200,0-7,h2,8,0.1440886490741891,0.146287390342299,0.045808035148477776,0.23468526276902357,6,0.2890625
