arm,n_units,from_trial,to_trial,n_networks,n_improving,median_relative_change
control,100,50,60,32,24,-0.017957709155453104
control,100,150,200,32,25,-0.03151374416345576
control,100,190,200,32,21,-0.005710016810009715
control,200,50,60,64,49,-0.04287302328252032
control,200,150,200,64,53,-0.0594532270543221
control,200,190,200,64,34,-0.005761543616193949
control,400,50,60,32,30,-0.11053516421372969
control,400,150,200,32,31,-0.08961406418847011
control,400,190,200,32,26,-0.013867811605569602
control_gain,200,50,60,64,48,-0.03734703785665103
control_gain,200,150,200,64,50,-0.06017560352694142
control_gain,200,190,200,64,37,-0.004291599842777499
control_random,200,50,60,32,19,-0.02338579567595827
control_random,200,150,200,32,27,-0.0689251941263157
control_random,200,190,200,32,16,-0.003917207405882217
frozen,200,50,60,160,118,-0.042973070627259205
frozen,200,150,200,160,132,-0.051389101337183364
frozen,200,190,200,160,99,-0.006823496268814957
frozen_unmatched,200,50,60,72,56,-0.027085948156355663
frozen_unmatched,200,150,200,72,65,-0.0323423085552623
frozen_unmatched,200,190,200,72,47,-0.0037841142999639884
primary,100,50,60,32,22,-0.02599324245665538
primary,100,150,200,32,24,-0.035487326846627
primary,100,190,200,32,20,-0.01396531787680047
primary,200,50,60,64,48,-0.08629642821801414
primary,200,150,200,64,54,-0.14043227524154328
primary,200,190,200,64,42,-0.02110550171443279
primary,400,50,60,32,25,-0.12098179805748763
primary,400,150,200,32,27,-0.08747360483754604
primary,400,190,200,32,21,-0.01902220305752128
primary_gain,200,50,60,64,46,-0.06275026091944681
primary_gain,200,150,200,64,50,-0.10322841468000407
primary_gain,200,190,200,64,32,-0.0018608702001508596
