pair,n_units,checkpoint_trial,seeds,contrast,n_seeds,mean,sd,ci_low,ci_high,n_positive,sign_test_p
primary-control,200,60,0-7,h1,8,0.2671996724031046,0.05541260534621911,0.23246863789944966,0.3040488092902501,8,0.0078125
primary-control,200,60,0-7,h2,8,0.02770457909765983,0.4398708437104549,-0.23289775550147962,0.33222330090080016,3,0.7265625
primary-control,200,100,0-7,h1,8,0.27249803237190917,0.04794299389438821,0.24359120633512113,0.30549071418053403,8,0.0078125
primary-control,200,100,0-7,h2,8,0.10116645211169781,0.2989025098589077,-0.0995906686190119,0.29500223487555377,7,0.0703125
primary-control,200,150,0-7,h1,8,0.2702057941775991,0.05941764199314928,0.23378044768689943,0.31045235916166136,8,0.0078125
primary-control,200,150,0-7,h2,8,0.1060594131642652,0.34650691821032775,-0.1174680342167066,0.3309317536864281,5,0.7265625
primary-control,200,200,0-7,h1,8,0.261345509165463,0.052745574721299926,0.22758291327333224,0.2953637588149403,8,0.0078125
primary-control,200,200,0-7,h2,8,0.0986390342631381,0.3776692424853098,-0.15011847602540232,0.3384137518208666,5,0.7265625
primary-control_gain,200,60,0-7,h1,8,0.22166996543649495,0.07690943499003729,0.1741387473683063,0.2727824140402034,8,0.0078125
primary-control_gain,200,60,0-7,h2,8,-0.04984078109805021,0.43732924010191637,-0.3243301266048721,0.24387476758050555,3,0.7265625
primary-control_gain,200,100,0-7,h1,8,0.22612312856720684,0.07981831289756475,0.17723745611923636,0.2804286580793031,8,0.0078125
primary-control_gain,200,100,0-7,h2,8,0.0187890895762466,0.2341311878300568,-0.1342423059943452,0.1678360615743508,5,0.7265625
primary-control_gain,200,150,0-7,h1,8,0.22977544703005562,0.09187183939490615,0.17292003417895488,0.2916109207140958,8,0.0078125
primary-control_gain,200,150,0-7,h2,8,0.1106809364121166,0.3099808575351721,-0.1020194938340493,0.2972693238216078,5,0.7265625
primary-control_gain,200,200,0-7,h1,8,0.2287936049247628,0.07444300652283718,0.18340490543174215,0.27926310318762765,8,0.0078125
primary-control_gain,200,200,0-7,h2,8,0.1514240309386381,0.3026802711171594,-0.05044476557034146,0.3401336575315786,5,0.7265625
