checkpoint_trial,contrast,n_seeds,mean,sd,ci_low,ci_high,n_positive,sign_test_p
60,density_f0.5,8,0.011078203206785549,0.11423611973658582,-0.05908255779046654,0.08825277140317497,4,1.0
60,density_f0.75,8,0.06409962600102538,0.18992055361095958,-0.057265814659789506,0.186564341411241,4,1.0
60,density_f0.875,8,0.10569372894720755,0.1717522132251043,-0.006619864793241184,0.21478428556666057,6,0.2890625
60,frozen_p0.1,8,-0.126415726654748,0.11167216725271238,-0.19491797895196353,-0.05132332054471817,1,0.0703125
60,frozen_p0.2,8,-0.034064484006422854,0.10256744241036252,-0.10301306285315318,0.029479641539785002,3,0.7265625
60,frozen_p0.4,8,-0.09818593053306088,0.12952527268370315,-0.18098024107059962,-0.01418900301687518,2,0.2890625
60,diag_h1,8,-0.08997724058523346,0.034665869070783416,-0.1126480431519521,-0.06783728909800918,0,0.0078125
60,slope_logp,8,-0.014114898060843619,0.10232000111968677,-0.07607052889500887,0.054912244563586815,2,0.2890625
60,slope_f,8,-0.05036596763459991,0.20500649445024072,-0.1892956421389495,0.07321258080775096,3,0.7265625
100,density_f0.5,8,0.006949366365302481,0.11349971555592855,-0.05302938841931149,0.08956982176011077,3,0.7265625
100,density_f0.75,8,0.0005995566358052151,0.16892760753165878,-0.10727229952661292,0.11019454982293972,3,0.7265625
100,density_f0.875,8,0.05251652355747345,0.1970269426393192,-0.07374698085253098,0.18026668058553422,5,0.7265625
100,frozen_p0.1,8,-0.07365053668955157,0.10326808169553245,-0.13513866611259612,-0.002986112330334245,2,0.2890625
100,frozen_p0.2,8,-0.019897244070016175,0.10564078757519382,-0.08784225041101862,0.04815630690991709,3,0.7265625
100,frozen_p0.4,8,-0.08736019827003288,0.10463438659354428,-0.15310936803057548,-0.0174453501847056,1,0.0703125
100,diag_h1,8,-0.06414912968407921,0.047706676422051994,-0.09546273209106027,-0.034408330750793296,1,0.0703125
100,slope_logp,8,0.0068548307902405944,0.09626094986788196,-0.052421125553929346,0.07201199737064792,3,0.7265625
100,slope_f,8,-0.03843805174377711,0.10279693385545495,-0.10392319831453539,0.029599966170201313,2,0.2890625
150,density_f0.5,8,0.002753343920703359,0.1341752887260684,-0.07037177231621057,0.10098171008087063,4,1.0
150,density_f0.75,8,0.012525337999640208,0.14965883575271818,-0.08699887315511268,0.10662889544191256,5,0.7265625
150,density_f0.875,8,0.02367818191640038,0.20367512085520625,-0.10715561940984297,0.15377181815155386,5,0.7265625
150,frozen_p0.1,8,-0.07261355393248667,0.09781448388991419,-0.13386325182889283,-0.00807403346232876,3,0.7265625
150,frozen_p0.2,8,-0.028957076826922355,0.08612306022526511,-0.08880104988553057,0.02218956168789351,3,0.7265625
150,frozen_p0.4,8,-0.09029878848022171,0.11205790442533618,-0.1603491999377572,-0.015892812619733153,2,0.2890625
150,diag_h1,8,-0.06862823785261465,0.03218705226832491,-0.09069163084664589,-0.049265663896089586,0,0.0078125
150,slope_logp,8,0.008842617273867506,0.09252226060711155,-0.04993015318261842,0.07022423682997037,4,1.0
150,slope_f,8,-0.018525448502649006,0.0766473090740345,-0.07109820055609722,0.028063739202376894,4,1.0
200,density_f0.5,8,0.0029928027580724964,0.15545398047020395,-0.08065408998223518,0.11607702801064321,3,0.7265625
200,density_f0.75,8,0.007925442785030434,0.1364790762205717,-0.0822670679040067,0.09427831172073212,4,1.0
200,density_f0.875,8,0.025977683723544004,0.19533224926998471,-0.10006971709935539,0.152076027984753,5,0.7265625
200,frozen_p0.1,8,-0.0680922301564796,0.10008625939209159,-0.13190969986938106,-0.0030601826716426875,3,0.7265625
200,frozen_p0.2,8,-0.03309576446956458,0.10296199507437621,-0.1067130104287198,0.024966510369117526,3,0.7265625
200,frozen_p0.4,8,-0.07849140966562995,0.11018902880163116,-0.1501784597190802,-0.007414290545981361,2,0.2890625
200,diag_h1,8,-0.06195411440387694,0.054546190225759295,-0.09870968668685412,-0.028220223630498927,1,0.0703125
200,slope_logp,8,0.005199589754575153,0.08974690848839983,-0.05230982861803655,0.06449642010904968,4,1.0
200,slope_f,8,-0.013141461217145926,0.08523241412335503,-0.06968014903431974,0.04060894695801205,4,1.0
