arm,seed,radius_gap,h1_t60,h1_t200
primary,0,-0.048505300846624966,0.19190005692077466,0.2039502021287603
primary,1,-0.01761318269725165,0.21998021428640427,0.20672482900305855
primary,2,-0.05660885902153079,0.26672899036698194,0.20572387858511998
primary,3,0.04522548751172639,0.10125501021421385,0.24178609569191875
primary,4,0.03560889943092227,0.1575259869652433,0.18953431060105574
primary,5,0.04772879506235439,0.13479959652970624,0.1337761801144791
primary,6,0.09129873658581245,0.09661528431288463,0.09738229362355516
primary,7,-0.12193706588903308,0.24897431494675987,0.31625336834474094
control,0,-0.048505300846624966,-0.06881359609759519,0.02455778399058428
control,1,-0.01761318269725165,-0.03843268494978258,-0.08930995537437114
control,2,-0.05660885902153079,-0.07533538415288388,-0.04160372291494285
control,3,0.04522548751172639,-0.10540454410772976,-0.054543718634202765
control,4,0.03560889943092227,-0.1276909246987657,-0.05464345157969813
control,5,0.04772879506235439,-0.06430151821452329,-0.0812134946513502
control,6,0.09129873658581245,-0.14205864963434095,-0.16611210662615744
control,7,-0.12193706588903308,-0.09778062282624633,-0.0327642494408773
primary_gain,0,4.440892098500626e-16,0.1998204798185958,0.21933775598614044
primary_gain,1,4.440892098500626e-15,0.21392562179427446,0.22668102798746464
primary_gain,2,-6.8833827526759706e-15,0.25615572802536923,0.2163297300986928
primary_gain,3,-2.4424906541753444e-15,0.08820178929023142,0.25332991667767146
primary_gain,4,1.7763568394002505e-15,0.11572927038619299,0.1294367161634905
primary_gain,5,-5.551115123125783e-15,0.0996205158959167,0.13767325816094597
primary_gain,6,-3.9968028886505635e-15,-0.053302903608787755,-0.06709281639310466
primary_gain,7,-5.10702591327572e-15,0.307314385031736,0.358579968431252
control_gain,0,4.440892098500626e-16,-0.010114926970687499,0.06789375666769326
control_gain,1,4.440892098500626e-15,-0.006165441751425804,-0.0368885620498936
control_gain,2,-6.8833827526759706e-15,-0.003741476426890933,0.0013833358004560758
control_gain,3,-2.4424906541753444e-15,-0.1428710053151125,-0.09122068356749896
control_gain,4,1.7763568394002505e-15,-0.11739061923775967,-0.049958832117791174
control_gain,5,-5.551115123125783e-15,-0.01755995021541773,-0.04804418419541473
control_gain,6,-3.9968028886505635e-15,-0.18826939070529497,-0.23132659582242548
control_gain,7,-5.10702591327572e-15,-0.05978202623584161,0.03208848299932532
