arm,n_units,checkpoint_trial,seed,h1,h2
control,200,0,0,-0.03021177993925761,0.017938826399178875
control,200,0,1,-0.010945252043382814,0.05361741469329839
control,200,0,2,0.021971595742828587,0.04699782424305865
control,200,0,3,0.028139230283923844,-0.003667563596245871
control,200,0,4,-0.008864017607447483,0.06922786215616417
control,200,0,5,-0.04044146532411186,-0.09476559816262675
control,200,0,6,0.029695444282208716,0.007586995202507829
control,200,0,7,0.011431686343599923,0.11723558570150305
control,200,10,0,0.29411323587553195,0.7759020366018045
control,200,10,1,0.2073208640896398,0.601156486282415
control,200,10,2,-0.12540886724956457,-1.0242002575262
control,200,10,3,0.19187850596172173,0.21076149124932553
control,200,10,4,-0.1375161287261618,-0.27056645898250653
control,200,10,5,0.44971961014318806,0.8178045709799194
control,200,10,6,0.6338080226208994,0.40116418983951585
control,200,10,7,0.2533889105371635,0.6307665470807666
control,200,20,0,0.0034492501515620555,0.1938610088332826
control,200,20,1,0.13882971286561085,0.22066720507344173
control,200,20,2,-0.17574721339404142,-0.7481988731037496
control,200,20,3,0.063580630666636,0.09762915568467323
control,200,20,4,-0.12042732560833064,0.06850369334328282
control,200,20,5,-0.16183447564852793,0.22494414747503788
control,200,20,6,-0.07110403978970625,-0.53432374705263
control,200,20,7,0.06475585013658725,0.3265809147431282
control,200,30,0,0.03767097545478282,0.11250505637500652
control,200,30,1,0.11731546600340936,0.13887186301574472
control,200,30,2,-0.12534322119660696,-0.9577788822211721
control,200,30,3,0.01995967799424725,0.09848392946498596
control,200,30,4,-0.1641601833087648,0.008714034972315599
control,200,30,5,-0.22162009443249742,0.5610001027272566
control,200,30,6,-0.0959840078337928,-0.498446611760336
control,200,30,7,-0.06598396411206031,0.14592346816371393
control,200,40,0,0.03497512460150143,0.048607536011184393
control,200,40,1,-0.04040431417440815,-0.014482882151747256
control,200,40,2,-0.07770293256462579,-0.500614828135914
control,200,40,3,-0.037382589701928426,0.17201849227814447
control,200,40,4,-0.1887795887103032,0.025863625144562585
control,200,40,5,-0.1375549520147472,0.5648891434135255
control,200,40,6,-0.18853350385405193,-0.6953299852977857
control,200,40,7,-0.09502152313668788,-0.09900782310071043
control,200,50,0,-0.012493491513040689,-0.05358202589314609
control,200,50,1,-0.05019588780600015,0.06311264701157965
control,200,50,2,-0.04283846116360118,-0.5791110382628777
control,200,50,3,-0.005822795738023467,0.17342617624768653
control,200,50,4,-0.1177292311210354,-0.09529602489827277
control,200,50,5,-0.15651624351672117,0.44672294709861843
control,200,50,6,-0.1828249839919442,-0.45849979452574047
control,200,50,7,-0.1346222828340976,-0.09146500750160014
control,200,60,0,-0.06881359609759519,-0.022668860760257203
control,200,60,1,-0.03843268494978258,0.005478269729002894
control,200,60,2,-0.07533538415288388,-0.6541337217662004
control,200,60,3,-0.10540454410772976,0.10857156695022624
control,200,60,4,-0.1276909246987657,0.14135956227074797
control,200,60,5,-0.06430151821452329,0.5002259130163964
control,200,60,6,-0.14205864963434095,-0.44730422347439464
control,200,60,7,-0.09778062282624633,0.18791942477150603
control,200,70,0,-0.04167993378551327,0.036660777895565544
control,200,70,1,-0.01477588556055709,0.009409631967902482
control,200,70,2,-0.08070433972392466,-0.6831567832715066
control,200,70,3,-0.07171455431846302,0.1701912108697488
control,200,70,4,-0.12517321084097816,0.1731662890814767
control,200,70,5,-0.044784100438137964,0.48929875842646114
control,200,70,6,-0.14524096276231896,-0.3550246085366227
control,200,70,7,-0.16341120210948779,0.14688525685046228
control,200,80,0,-0.08702606899645232,0.08814336199962797
control,200,80,1,-0.0075696246589837535,0.11977640001035372
control,200,80,2,-0.08845758365358736,-0.5557677374372891
control,200,80,3,-0.04819338471161677,0.04651282745470292
control,200,80,4,-0.1031170933767469,0.14316176063605623
control,200,80,5,-0.03643716580157014,0.4676170647262751
control,200,80,6,-0.12319969671303022,-0.2601820641036073
control,200,80,7,-0.16198603988034932,0.11464854902396016
control,200,90,0,-0.050514836347430814,0.045364893215663615
control,200,90,1,-0.04833180621399713,0.03276886930970557
control,200,90,2,-0.0958794865914091,-0.4143537413208169
control,200,90,3,-0.07407438316446247,-0.10140279220310022
control,200,90,4,-0.09920310862116893,0.07926253922613907
control,200,90,5,-0.019668597392422826,0.5665686541559529
control,200,90,6,-0.12896330324060573,-0.31363742017123986
control,200,90,7,-0.1546811039800951,0.12071980163472346
control,200,100,0,0.0013160928547767403,0.0983988030772015
control,200,100,1,-0.02931124237680821,0.011884944391734098
control,200,100,2,-0.07398010488379264,-0.39799615658202336
control,200,100,3,-0.05387733774184389,-0.10901198887171848
control,200,100,4,-0.07627700947158234,0.13406692574631618
control,200,100,5,-0.023375020914831235,0.6152659499881312
control,200,100,6,-0.12387240215537493,-0.37478890835382395
control,200,100,7,-0.13381601278317717,0.12366341659831265
control,200,110,0,-0.03839659547333185,0.06169220732311481
control,200,110,1,-0.03962116091043916,0.015281703045700756
control,200,110,2,-0.05498132246409909,-0.30732763875953073
control,200,110,3,-0.09125437861810293,-0.2604703786788862
control,200,110,4,-0.08189190993983692,0.17868865913296028
control,200,110,5,-0.08806403917350752,0.58217661609646
control,200,110,6,-0.12514234091431886,-0.33738520900630087
control,200,110,7,-0.12535677782290466,0.14709635679986954
control,200,120,0,-0.04442032034395943,0.050602473139054305
control,200,120,1,-0.03726557916781181,-0.02062149722705625
control,200,120,2,-0.04973459939696323,-0.2793724816736981
control,200,120,3,-0.0770338439820662,-0.2495461822223493
control,200,120,4,-0.0833849566634664,0.20979657704305532
control,200,120,5,-0.07540170294328519,0.5093223441070321
control,200,120,6,-0.11778335283886354,-0.33174894501979724
control,200,120,7,-0.10408265270433381,0.20183692882987125
control,200,130,0,-0.038314201004437554,0.11798823327963681
control,200,130,1,-0.043937263377813285,-0.023967833154748375
control,200,130,2,-0.04062546852702753,-0.28350081290842327
control,200,130,3,-0.06626201355737571,-0.22717172889105441
control,200,130,4,-0.0733152289807994,0.20467750111549082
control,200,130,5,-0.07555981572605269,0.4895674718169592
control,200,130,6,-0.11314890543512895,-0.31465373154050724
control,200,130,7,-0.11528833618165207,0.17729178953320462
control,200,140,0,-0.019626589536890227,0.23019809112545975
control,200,140,1,-0.04801182895099382,0.005331384787596677
control,200,140,2,-0.045810225213576417,-0.3146059033164438
control,200,140,3,-0.06512448844894803,-0.27720276057902016
control,200,140,4,-0.0750863865416927,0.21269543862046913
control,200,140,5,-0.07192547749237782,0.4709749999149657
control,200,140,6,-0.11469952802734962,-0.3383248373280245
control,200,140,7,-0.09910525720975938,0.18625942331979328
control,200,150,0,-0.0389326249860964,0.15088975367991297
control,200,150,1,-0.05292095917661632,-0.00726661629771258
control,200,150,2,-0.036226537134424586,-0.30923445853081405
control,200,150,3,-0.05000397412051111,-0.2602663021929498
control,200,150,4,-0.05927448902839738,0.25287105583543334
control,200,150,5,-0.08181846180658331,0.45553361689605715
control,200,150,6,-0.12437466050833285,-0.327180607483771
control,200,150,7,-0.10547419605995528,0.2548166464540191
control,200,160,0,-0.0057401195065344135,0.13567973620357315
control,200,160,1,-0.06043101771644854,-0.0018436886712616674
control,200,160,2,-0.048374587004792524,-0.35272407551574736
control,200,160,3,-0.04588839896657798,-0.2654676737571631
control,200,160,4,-0.0715283868452864,0.2574104735074698
control,200,160,5,-0.09732994900866226,0.4351592269073761
control,200,160,6,-0.14062018732614157,-0.3731495052246991
control,200,160,7,-0.09024043428438261,0.24388815625027077
control,200,170,0,0.014010447770584689,0.15952212914702613
control,200,170,1,-0.07035900874211876,-0.016457053219357087
control,200,170,2,-0.027014233643219088,-0.2792263669941757
control,200,170,3,-0.07269295285704441,-0.30817233301096236
control,200,170,4,-0.05241883686708809,0.2529115908658437
control,200,170,5,-0.09806610173037794,0.43095150403090443
control,200,170,6,-0.14262833159954266,-0.36905001333485665
control,200,170,7,-0.08247758640999564,0.2689539138973109
control,200,180,0,-0.021333414693370356,0.127035394502734
control,200,180,1,-0.07738083659936457,-0.011413220226562104
control,200,180,2,-0.02959769553730418,-0.2837642668924033
control,200,180,3,-0.05990008018015247,-0.2798048992503869
control,200,180,4,-0.04829133239072403,0.20960771969768321
control,200,180,5,-0.08034344829499301,0.4612497045778812
control,200,180,6,-0.15841287604650808,-0.4302986617639235
control,200,180,7,-0.06752165749679767,0.2317896612421826
control,200,190,0,0.007862878684272157,0.12472652969566639
control,200,190,1,-0.08721306557996483,-0.019062672998521546
control,200,190,2,-0.04526834450061362,-0.3267609062432255
control,200,190,3,-0.05959395367936454,-0.27151202533111646
control,200,190,4,-0.055208932527681,0.18694392682606858
control,200,190,5,-0.06981313488194713,0.46501661997110993
control,200,190,6,-0.1656426550361495,-0.44685651316067715
control,200,190,7,-0.02352858215272191,0.2568555741872867
control,200,200,0,0.02455778399058428,0.17997097145502722
control,200,200,1,-0.08930995537437114,-0.026438860850448498
control,200,200,2,-0.04160372291494285,-0.31626555987283694
control,200,200,3,-0.054543718634202765,-0.281733802571616
control,200,200,4,-0.05464345157969813,0.20133808301902656
control,200,200,5,-0.0812134946513502,0.4235658158739483
control,200,200,6,-0.16611210662615744,-0.46158293685580243
control,200,200,7,-0.0327642494408773,0.2809681943531145
control_gain,200,0,0,-0.028645218971125708,0.025916261180351174
control_gain,200,0,1,-0.010908014489771967,0.0477910671192876
control_gain,200,0,2,0.0231710425536078,0.04608408384630436
control_gain,200,0,3,0.026565745312462807,-0.00526110649327971
control_gain,200,0,4,-0.009989776146647866,0.06777964477949983
control_gain,200,0,5,-0.03879986987665207,-0.09903762390068505
control_gain,200,0,6,0.026937239080132347,-0.002023882342879757
control_gain,200,0,7,0.013296167377126578,0.11986303794853259
control_gain,200,10,0,0.42954724882247863,0.78017691240052
control_gain,200,10,1,0.23186950334810197,0.446833719176841
control_gain,200,10,2,-0.029471834214770176,-0.6738807683852702
control_gain,200,10,3,0.1836974806551812,0.07094065936364002
control_gain,200,10,4,-0.14462774981902982,-0.11174891549969956
control_gain,200,10,5,0.44925660343133655,0.8373895020461517
control_gain,200,10,6,0.6817456721447993,0.4125106193772542
control_gain,200,10,7,0.2503726881914822,0.41470245435983943
control_gain,200,20,0,0.06516373659052233,0.587563867816166
control_gain,200,20,1,0.0814818012099836,0.26654440977898386
control_gain,200,20,2,-0.1199249679867469,-0.5556888761989929
control_gain,200,20,3,0.02748099855058872,-0.11143971384011686
control_gain,200,20,4,-0.09773341927514884,0.10804740917859329
control_gain,200,20,5,-0.12800711699809975,0.10907816895997513
control_gain,200,20,6,-0.0698279063542715,-0.37993536723374854
control_gain,200,20,7,0.055338925536965955,0.01970754512581796
control_gain,200,30,0,0.09612966775671239,0.461723445766942
control_gain,200,30,1,0.09634436265463031,0.13021658644371048
control_gain,200,30,2,-0.05050560911782087,-0.4158068563036973
control_gain,200,30,3,0.018054319944995956,0.33059417795768875
control_gain,200,30,4,-0.19381271091863905,0.17742578117900254
control_gain,200,30,5,-0.10044158777447165,0.5683800876017278
control_gain,200,30,6,-0.18706654573265225,-0.4432986587116019
control_gain,200,30,7,-0.05315067178999644,0.2774595741059368
control_gain,200,40,0,0.056603912289038494,0.3069320732875822
control_gain,200,40,1,-0.03190387456203608,0.011404852041545288
control_gain,200,40,2,-0.016404299399026878,-0.23320074178561634
control_gain,200,40,3,-0.08561722715468889,0.18600018029128162
control_gain,200,40,4,-0.17088403575559508,0.2285913615429534
control_gain,200,40,5,-0.04667319000557024,0.5674942865855285
control_gain,200,40,6,-0.1901971003809803,-0.49557365169545453
control_gain,200,40,7,0.011428493813350538,0.3633893507356818
control_gain,200,50,0,0.07028063379406002,0.40158474241716935
control_gain,200,50,1,-0.01286676721505281,-0.08634912499319075
control_gain,200,50,2,0.004905318775360212,-0.3183820206712971
control_gain,200,50,3,-0.06988803998222648,0.3519690481570654
control_gain,200,50,4,-0.10506714608681789,0.15700112004055589
control_gain,200,50,5,-0.10043419702365136,0.34832606161694496
control_gain,200,50,6,-0.21444646631474645,-0.4319101461836097
control_gain,200,50,7,-0.051752066707022815,0.09398557731151158
control_gain,200,60,0,-0.010114926970687499,0.2064709879673819
control_gain,200,60,1,-0.006165441751425804,-0.16034256787587034
control_gain,200,60,2,-0.003741476426890933,-0.32336834665354186
control_gain,200,60,3,-0.1428710053151125,0.16155409447618768
control_gain,200,60,4,-0.11739061923775967,0.2854963203349316
control_gain,200,60,5,-0.01755995021541773,0.449153226918622
control_gain,200,60,6,-0.18826939070529497,-0.33020372884373544
control_gain,200,60,7,-0.05978202623584161,0.08944153997502935
control_gain,200,70,0,0.013048062208261713,0.1841802925150987
control_gain,200,70,1,0.010680002409064748,-0.0902633577688704
control_gain,200,70,2,-0.01819785706232313,-0.3665393753377208
control_gain,200,70,3,-0.09894425239670251,0.18990417450953406
control_gain,200,70,4,-0.1093154559655462,0.2469397823736713
control_gain,200,70,5,-0.02014781392507492,0.5006994639254836
control_gain,200,70,6,-0.2070629652003403,-0.31876802414846467
control_gain,200,70,7,-0.1697269535256022,0.012300273112205162
control_gain,200,80,0,0.0029794077703458877,0.21624743813208014
control_gain,200,80,1,0.004473195086286463,-0.017167206872634677
control_gain,200,80,2,-0.015548359352929086,-0.23054065822128594
control_gain,200,80,3,-0.0969603815377707,0.010796031696489738
control_gain,200,80,4,-0.10191102103291616,0.2391698272567505
control_gain,200,80,5,-0.04521141598776551,0.5062715063089038
control_gain,200,80,6,-0.20739793560431513,-0.2748924142830371
control_gain,200,80,7,-0.1316447546796442,0.04190273394145172
control_gain,200,90,0,0.03820230992353052,0.209115128270229
control_gain,200,90,1,-0.020289612984473793,-0.10616323627110058
control_gain,200,90,2,-0.019502169026615,-0.020123493589302432
control_gain,200,90,3,-0.08845463416228982,-0.0010323560547650379
control_gain,200,90,4,-0.0674695817077392,0.2636761802183163
control_gain,200,90,5,-0.008372617934754467,0.4928275571435457
control_gain,200,90,6,-0.22931129701549746,-0.31597699849536864
control_gain,200,90,7,-0.0758538656155135,0.21357343808732326
control_gain,200,100,0,0.0736863472735187,0.2299648600721943
control_gain,200,100,1,-0.02005930937685213,-0.1292487529941168
control_gain,200,100,2,-0.019860069669417002,-0.06974303350887229
control_gain,200,100,3,-0.06667511175332153,0.04492505742326791
control_gain,200,100,4,-0.0776846649965261,0.24543650329494943
control_gain,200,100,5,0.009609423862190714,0.43087990936204507
control_gain,200,100,6,-0.23781946729279324,-0.3339380011945717
control_gain,200,100,7,-0.06547643730136038,0.19476056073356157
control_gain,200,110,0,0.03072833989016266,0.18174069710133894
control_gain,200,110,1,-0.014802454250796682,-0.165651876349068
control_gain,200,110,2,-0.015441571506661644,-0.029879635597581444
control_gain,200,110,3,-0.08947670520910045,-0.0912501364257523
control_gain,200,110,4,-0.08687103305918054,0.23653722717034026
control_gain,200,110,5,-0.0454348100819667,0.3798821032751487
control_gain,200,110,6,-0.2072915140442656,-0.34037365767213
control_gain,200,110,7,-0.07361572833043462,0.13650685441976462
control_gain,200,120,0,0.018740214287117085,0.16155856842019162
control_gain,200,120,1,-0.023122733529695516,-0.18298037420112837
control_gain,200,120,2,-0.011381134324722875,-0.037274298499677117
control_gain,200,120,3,-0.09924510871638142,-0.03377216247159137
control_gain,200,120,4,-0.09202897567391027,0.21913169605497662
control_gain,200,120,5,-0.043992905530042925,0.344096436823489
control_gain,200,120,6,-0.21697256993289082,-0.32200662129733226
control_gain,200,120,7,-0.04185441113650712,0.2017050411755571
control_gain,200,130,0,0.02049751040176989,0.16544660886499235
control_gain,200,130,1,-0.02379228762043656,-0.20891263504580665
control_gain,200,130,2,-0.007811145543848819,-0.08360261883000164
control_gain,200,130,3,-0.07393081437040194,-0.031116526991566307
control_gain,200,130,4,-0.08403572564547634,0.2281843279971289
control_gain,200,130,5,-0.032550730942756734,0.29137215979373027
control_gain,200,130,6,-0.21284578854112252,-0.32889713078938326
control_gain,200,130,7,-0.05795131578724022,0.1848236380990368
control_gain,200,140,0,0.050117644912236414,0.1884909949561283
control_gain,200,140,1,-0.01880780624846129,-0.23387102045454058
control_gain,200,140,2,-0.004402853348759506,-0.0740245698883979
control_gain,200,140,3,-0.08414757914380622,-0.07761032352350083
control_gain,200,140,4,-0.07246124027203837,0.1892025931778955
control_gain,200,140,5,-0.02211594062327954,0.27400377609252113
control_gain,200,140,6,-0.2176134262455438,-0.3290137641015085
control_gain,200,140,7,-0.04442231997847901,0.21014504441029114
control_gain,200,150,0,0.027460336967901677,0.105274797529951
control_gain,200,150,1,-0.016682494219048494,-0.2305334150199865
control_gain,200,150,2,-0.0030661198193621675,-0.08909122456894986
control_gain,200,150,3,-0.07024299936577022,-0.12625191806016062
control_gain,200,150,4,-0.061888126356057505,0.23317076021142097
control_gain,200,150,5,-0.02586901413221787,0.2741700619955794
control_gain,200,150,6,-0.22700089251973243,-0.3418592843676385
control_gain,200,150,7,-0.03958177386696615,0.2335197959849985
control_gain,200,160,0,0.06029684897234355,0.16394037086607555
control_gain,200,160,1,-0.030671679618722858,-0.23160294162046127
control_gain,200,160,2,-0.007279994611606111,-0.11380578766321098
control_gain,200,160,3,-0.07571727954273927,-0.16336253234290105
control_gain,200,160,4,-0.0744811317219864,0.22109051380393452
control_gain,200,160,5,-0.046659204888283845,0.25181767239123587
control_gain,200,160,6,-0.22433363221322045,-0.3518790766333563
control_gain,200,160,7,-0.0365550693027335,0.20136535829485286
control_gain,200,170,0,0.060581946997945,0.16717338817448163
control_gain,200,170,1,-0.024592414947828156,-0.24322915298251743
control_gain,200,170,2,0.002053973401341669,-0.08644975336367983
control_gain,200,170,3,-0.1058844169986441,-0.18645067216447803
control_gain,200,170,4,-0.05109971474581515,0.25028632159238356
control_gain,200,170,5,-0.040864020294899384,0.25330543352419954
control_gain,200,170,6,-0.2193830692564134,-0.36074356522896645
control_gain,200,170,7,-0.033340887831783184,0.1767426474899237
control_gain,200,180,0,0.04089543041241883,0.15269359170905966
control_gain,200,180,1,-0.03187036029092477,-0.25125290978960635
control_gain,200,180,2,0.0009656050082665901,-0.08530939262419546
control_gain,200,180,3,-0.11193330493605552,-0.2014614572272984
control_gain,200,180,4,-0.06027077969528272,0.22469178717447214
control_gain,200,180,5,-0.028164731600099246,0.2762261495005077
control_gain,200,180,6,-0.22931011783632158,-0.3770972021023101
control_gain,200,180,7,-0.009019467459669472,0.17081326031185923
control_gain,200,190,0,0.04762688878672555,0.14519897849289132
control_gain,200,190,1,-0.036305859350670655,-0.273094701628715
control_gain,200,190,2,0.00016239778554694162,-0.08365595513333107
control_gain,200,190,3,-0.10461250796582583,-0.17141345493550403
control_gain,200,190,4,-0.058393199142596275,0.2207468697985317
control_gain,200,190,5,-0.025439513866026053,0.2575771507395513
control_gain,200,190,6,-0.2305346297718946,-0.3746120044205112
control_gain,200,190,7,0.03559482671576686,0.2549539844775166
control_gain,200,200,0,0.06789375666769326,0.16061064693756977
control_gain,200,200,1,-0.0368885620498936,-0.2857600684196463
control_gain,200,200,2,0.0013833358004560758,-0.06916540026541612
control_gain,200,200,3,-0.09122068356749896,-0.18902362671065254
control_gain,200,200,4,-0.049958832117791174,0.2311846286658482
control_gain,200,200,5,-0.04804418419541473,0.25197881062286626
control_gain,200,200,6,-0.23132659582242548,-0.38213503398675724
control_gain,200,200,7,0.03208848299932532,0.22362698824059624
primary,200,0,0,-0.03021177993925761,0.017938826399178875
primary,200,0,1,-0.010945252043382814,0.05361741469329839
primary,200,0,2,0.021971595742828587,0.04699782424305865
primary,200,0,3,0.028139230283923844,-0.003667563596245871
primary,200,0,4,-0.008864017607447483,0.06922786215616417
primary,200,0,5,-0.04044146532411186,-0.09476559816262675
primary,200,0,6,0.029695444282208716,0.007586995202507829
primary,200,0,7,0.011431686343599923,0.11723558570150305
primary,200,10,0,0.26980106903298184,1.2124860186863433
primary,200,10,1,0.4149792821255476,0.4605235030856275
primary,200,10,2,0.08635209556365542,0.31589284420143227
primary,200,10,3,0.19884997477332755,0.409327016809126
primary,200,10,4,0.060517160206932874,0.02319602266903259
primary,200,10,5,0.49021552932566204,1.309903223959294
primary,200,10,6,0.7721445956234627,1.0593696894856857
primary,200,10,7,0.26201192331149903,0.48697008188758417
primary,200,20,0,0.2849251487345552,0.38668202354781567
primary,200,20,1,0.4323742812107435,0.6694986305209805
primary,200,20,2,-0.13364253344461086,0.3750078313576034
primary,200,20,3,0.11401155840609156,-0.6120255406542032
primary,200,20,4,0.201099301292181,-0.09570597985157375
primary,200,20,5,0.003892078115241837,0.2242759979688841
primary,200,20,6,0.23156492769825815,0.2856012137298509
primary,200,20,7,0.12182924376219784,0.257684593760128
primary,200,30,0,0.2625435154881346,0.28705301424691243
primary,200,30,1,0.3670301206664961,0.36930862522522245
primary,200,30,2,0.16712083651731574,0.3468256494165915
primary,200,30,3,0.1641428349585914,-0.07497188075875061
primary,200,30,4,0.16185652386966973,-0.10332339302642618
primary,200,30,5,0.06298381601045061,0.08051336971353457
primary,200,30,6,0.2498475930623011,0.2083797003633021
primary,200,30,7,0.2516876654683767,0.3345399891304498
primary,200,40,0,0.3207731580572798,0.19977814185495418
primary,200,40,1,0.22828295112463629,0.06309787073093018
primary,200,40,2,0.17513881157513783,0.3069327372388033
primary,200,40,3,0.09701597430405318,-0.2142977253256616
primary,200,40,4,0.07024817266309952,-0.2842767495821867
primary,200,40,5,0.19288427731320262,0.18161218903396026
primary,200,40,6,0.2094794884924243,-0.005666460325225858
primary,200,40,7,0.2671944093496645,0.3536607619917484
primary,200,50,0,0.2949809764366754,0.2282635098855065
primary,200,50,1,0.19191634544811606,-0.016938894308846625
primary,200,50,2,0.21223896221513183,0.18044115082374
primary,200,50,3,0.18762925796755142,0.2798665136951897
primary,200,50,4,0.1290850296882043,0.07537709905900082
primary,200,50,5,0.14821580990937655,0.08427447542217148
primary,200,50,6,0.14301356883406036,0.0611988954200714
primary,200,50,7,0.2227150395501319,0.17024143600581906
primary,200,60,0,0.19190005692077466,0.06934290437645807
primary,200,60,1,0.21998021428640427,-0.001964333233398091
primary,200,60,2,0.26672899036698194,0.25475568577345964
primary,200,60,3,0.10125501021421385,-0.04999817190282593
primary,200,60,4,0.1575259869652433,0.08973251641267949
primary,200,60,5,0.13479959652970624,-0.003603520938742527
primary,200,60,6,0.09661528431288463,-0.1279066862405658
primary,200,60,7,0.24897431494675987,-0.18927383072875903
primary,200,70,0,0.20765953003888665,0.022341777724933398
primary,200,70,1,0.23727568086900966,-0.011847060805139698
primary,200,70,2,0.2470241424773094,0.2557085189230027
primary,200,70,3,0.16179855044198066,0.08486510211706966
primary,200,70,4,0.17835065074558262,0.14736256550267515
primary,200,70,5,0.21064612893000226,0.18975458375846246
primary,200,70,6,0.12859686985620164,-0.13148194537562105
primary,200,70,7,0.22367999768731642,0.030326128635844607
primary,200,80,0,0.16934360641256924,0.23862064776255304
primary,200,80,1,0.24715822596599085,-0.023418216628947608
primary,200,80,2,0.26247320846635835,0.2726843281599664
primary,200,80,3,0.14170292704691168,-0.018073881836744077
primary,200,80,4,0.180822182052141,0.1102689208748182
primary,200,80,5,0.19067097698249896,0.16342468623482287
primary,200,80,6,0.1326789566711252,-0.061390146801430956
primary,200,80,7,0.2384262695739506,0.1357867276551924
primary,200,90,0,0.19393897155606604,0.19225553603763829
primary,200,90,1,0.20833281861093272,0.02457494077918118
primary,200,90,2,0.2272935156941142,0.2270600590394909
primary,200,90,3,0.17932772404084407,-0.07894311922629574
primary,200,90,4,0.18923862613204506,0.1615537304181043
primary,200,90,5,0.22866399452741934,0.1278607341022811
primary,200,90,6,0.10833156183555889,-0.10638037326536076
primary,200,90,7,0.2354814706704264,0.10180141215351261
primary,200,100,0,0.21946166802415207,0.21177668725159113
primary,200,100,1,0.2293057366044513,0.060555510658531375
primary,200,100,2,0.2229380123753848,0.2245604397119135
primary,200,100,3,0.23677395712390661,0.04588088101200399
primary,200,100,4,0.20898510773465695,0.160249508453359
primary,200,100,5,0.20372609450500825,0.1546545576911645
primary,200,100,6,0.11415561536318639,-0.11934241764623141
primary,200,100,7,0.23144502977189324,0.1724794357553802
primary,200,110,0,0.17980448744157657,0.2009548381112181
primary,200,110,1,0.22306464987038171,0.02450465442291938
primary,200,110,2,0.23300563423495196,0.2928024735305293
primary,200,110,3,0.2340012838327923,0.1323886972112702
primary,200,110,4,0.21333011402619667,0.1480295233884979
primary,200,110,5,0.18837840235425526,-0.10430282149991182
primary,200,110,6,0.10365991046134884,-0.13809424265648962
primary,200,110,7,0.23631714104555077,0.2591507753612831
primary,200,120,0,0.1602883513161814,0.17468896641141757
primary,200,120,1,0.22515938099257804,0.03503888863147661
primary,200,120,2,0.2256773482958334,0.2642815922912825
primary,200,120,3,0.2499542631042066,0.18136005357450632
primary,200,120,4,0.20013062424763145,0.12895957874463082
primary,200,120,5,0.2259098225071114,-0.001297816618876263
primary,200,120,6,0.1024049489872648,-0.1741244019396214
primary,200,120,7,0.2428410323394398,0.2834780038873461
primary,200,130,0,0.16617151426759064,0.03771515430514624
primary,200,130,1,0.20815535796199047,0.03146497699809603
primary,200,130,2,0.21883732440214262,0.30326835232982186
primary,200,130,3,0.26294882256912655,0.20008884880976932
primary,200,130,4,0.19744356455226197,0.1118452285989521
primary,200,130,5,0.18442796386321128,-0.21840671657041905
primary,200,130,6,0.10297923319750138,-0.12934927937382037
primary,200,130,7,0.20648748238967843,0.3348597912332879
primary,200,140,0,0.16323961940391152,0.06875547968579063
primary,200,140,1,0.2181130904402941,0.05591152237069061
primary,200,140,2,0.21504753933713572,0.2634960344255005
primary,200,140,3,0.2621700744070402,0.2434712042878551
primary,200,140,4,0.18492244310574174,0.13753415970985466
primary,200,140,5,0.18287963331153603,-0.06000542900861025
primary,200,140,6,0.11369309716657663,-0.08223964709236284
primary,200,140,7,0.23073048920862005,0.32292716502921837
primary,200,150,0,0.15686557755642977,0.1438398171037705
primary,200,150,1,0.21314269279588666,0.04001089832248028
primary,200,150,2,0.2268089123579557,0.2978408665874928
primary,200,150,3,0.2977158020407264,0.269221806911342
primary,200,150,4,0.18979781606318302,0.14306856722468803
primary,200,150,5,0.17948499421665695,-0.005022909193769798
primary,200,150,6,0.08800205778744655,-0.0925505277498199
primary,200,150,7,0.26080259778159043,0.26222987446811297
primary,200,160,0,0.1865253345182778,0.11093464951702212
primary,200,160,1,0.19843512919664819,0.028076315958867004
primary,200,160,2,0.22685733074863607,0.26354663161176967
primary,200,160,3,0.27170359225779467,0.2739081719280032
primary,200,160,4,0.1764323168111374,0.13304951368528162
primary,200,160,5,0.155335196956351,-0.010180963054688005
primary,200,160,6,0.08224773988767489,-0.11320431730922464
primary,200,160,7,0.26077165251254697,0.29703729728168915
primary,200,170,0,0.17867069711853517,-0.0013027669788313323
primary,200,170,1,0.19547978546980427,0.0477021941284692
primary,200,170,2,0.22057904855001065,0.2489690325491622
primary,200,170,3,0.25195007669753766,0.26885282398745036
primary,200,170,4,0.19609496044253993,0.15280670940199967
primary,200,170,5,0.1429467426782476,-0.02274391450662823
primary,200,170,6,0.08739929960925219,-0.10301726888797838
primary,200,170,7,0.26739214868658767,0.2782700306899806
primary,200,180,0,0.1606942328545683,-0.009999725049752273
primary,200,180,1,0.19604937696331826,0.05551280106215291
primary,200,180,2,0.2174409610539385,0.26621020761131536
primary,200,180,3,0.25327625572888657,0.25731280683828794
primary,200,180,4,0.1929709373463182,0.13639485675254687
primary,200,180,5,0.1527884378622377,-0.03104836176276307
primary,200,180,6,0.08043333524257246,-0.07831105317696696
primary,200,180,7,0.2747205815493192,0.3004997322538748
primary,200,190,0,0.19702127930937982,-0.0582597470160226
primary,200,190,1,0.19898916117894289,0.06260886444893
primary,200,190,2,0.2096304089938718,0.3002888782208519
primary,200,190,3,0.23969889200281422,0.23309579811679376
primary,200,190,4,0.18999541682342663,0.12346830352260237
primary,200,190,5,0.17243456272855343,0.011836727152981882
primary,200,190,6,0.09021494896407832,-0.06859544158377054
primary,200,190,7,0.2980467927513416,0.3584534222444618
primary,200,200,0,0.2039502021287603,-0.0045380588753339834
primary,200,200,1,0.20672482900305855,0.06811171899934004
primary,200,200,2,0.20572387858511998,0.30547802714690697
primary,200,200,3,0.24178609569191875,0.16276825668310746
primary,200,200,4,0.18953431060105574,0.1186479663449371
primary,200,200,5,0.1337761801144791,-0.09818178039844122
primary,200,200,6,0.09738229362355516,-0.0491958315180131
primary,200,200,7,0.31625336834474094,0.2858438802730141
primary_gain,200,0,0,-0.028645218971125708,0.025916261180351174
primary_gain,200,0,1,-0.010908014489771967,0.0477910671192876
primary_gain,200,0,2,0.0231710425536078,0.04608408384630436
primary_gain,200,0,3,0.026565745312462807,-0.00526110649327971
primary_gain,200,0,4,-0.009989776146647866,0.06777964477949983
primary_gain,200,0,5,-0.03879986987665207,-0.09903762390068505
primary_gain,200,0,6,0.026937239080132347,-0.002023882342879757
primary_gain,200,0,7,0.013296167377126578,0.11986303794853259
primary_gain,200,10,0,0.23917577588771022,1.210865198204914
primary_gain,200,10,1,0.3803258762748606,0.37228290398369024
primary_gain,200,10,2,0.05388477883200138,0.29631696902277305
primary_gain,200,10,3,0.14496144132076305,0.35559012836740966
primary_gain,200,10,4,0.026924294304068064,-0.15259560155791047
primary_gain,200,10,5,0.49226561690476334,1.374259288023472
primary_gain,200,10,6,0.7660709650701972,0.7757780860844522
primary_gain,200,10,7,0.35481311721413356,0.4740137954393927
primary_gain,200,20,0,0.29890684677930585,0.2683905757257648
primary_gain,200,20,1,0.42751329726017123,0.6017837162170112
primary_gain,200,20,2,-0.1329414087707812,0.2808518603758512
primary_gain,200,20,3,0.10862453125083504,-0.7470071330255755
primary_gain,200,20,4,0.2047096499293446,0.028706379671006504
primary_gain,200,20,5,-0.011452250219118554,0.360518457526818
primary_gain,200,20,6,0.03978355530211908,0.23150684063540966
primary_gain,200,20,7,0.19830608820499007,0.24226244014495957
primary_gain,200,30,0,0.2600810774260385,0.37579803925003685
primary_gain,200,30,1,0.39948993912615305,0.3831275587980578
primary_gain,200,30,2,0.12074164526662573,0.35279223306108254
primary_gain,200,30,3,0.15529134865443717,-0.05239927205380329
primary_gain,200,30,4,0.12275417692636029,-0.19305227414436663
primary_gain,200,30,5,0.03950174679980506,0.30093472407307253
primary_gain,200,30,6,0.09196807042213911,0.04265739246970579
primary_gain,200,30,7,0.4091125238622372,0.41721281597506993
primary_gain,200,40,0,0.3243562275878472,0.3234061429467878
primary_gain,200,40,1,0.226219129699942,-0.016366493548035432
primary_gain,200,40,2,0.14709373761262381,0.33672687163974585
primary_gain,200,40,3,0.11052701618680227,-0.08779458136110119
primary_gain,200,40,4,0.041468958057235605,-0.29929481297158156
primary_gain,200,40,5,0.18267482811904268,0.16592186878745163
primary_gain,200,40,6,0.010328921913751676,-0.02043994971659474
primary_gain,200,40,7,0.3886616016358877,0.2914341679028495
primary_gain,200,50,0,0.3058229021873954,0.29198323348045924
primary_gain,200,50,1,0.21523345942810387,-0.019256870716858165
primary_gain,200,50,2,0.19867183630177265,0.1796524848016086
primary_gain,200,50,3,0.13820736635943048,0.09501840240651477
primary_gain,200,50,4,0.06693188203164135,-0.1784925007422425
primary_gain,200,50,5,0.15120915419119024,0.02697499178193946
primary_gain,200,50,6,-0.08259282745277102,-0.31054511434472215
primary_gain,200,50,7,0.3471146867829281,0.07634997367564192
primary_gain,200,60,0,0.1998204798185958,0.14234856861400746
primary_gain,200,60,1,0.21392562179427446,0.002015690195476705
primary_gain,200,60,2,0.25615572802536923,0.3915366268791607
primary_gain,200,60,3,0.08820178929023142,-0.09547726183715605
primary_gain,200,60,4,0.11572927038619299,0.012052259070753094
primary_gain,200,60,5,0.0996205158959167,-0.25177952205145054
primary_gain,200,60,6,-0.053302903608787755,-0.016479685516083142
primary_gain,200,60,7,0.307314385031736,-0.20474139784010498
primary_gain,200,70,0,0.2229075133121981,0.1981278664586069
primary_gain,200,70,1,0.22711872273295378,0.015412057987693795
primary_gain,200,70,2,0.2441246482907424,0.33957189004329336
primary_gain,200,70,3,0.1162041923513798,0.045524303064431726
primary_gain,200,70,4,0.11317359163668395,0.035975138068265716
primary_gain,200,70,5,0.12003108226875836,-0.140633810934454
primary_gain,200,70,6,-0.06509879907788463,-0.053945586755161645
primary_gain,200,70,7,0.2838928558167284,-0.011644073242218611
primary_gain,200,80,0,0.1924080475912741,0.27066676299918413
primary_gain,200,80,1,0.21933225822471553,-0.030470336409727017
primary_gain,200,80,2,0.24298875889679505,0.31642985579381533
primary_gain,200,80,3,0.14913648907742727,0.027117704420817457
primary_gain,200,80,4,0.14721915532014904,0.07166920689855577
primary_gain,200,80,5,0.1712439160169687,0.13728460368773165
primary_gain,200,80,6,-0.04072900007957009,0.05287563888606339
primary_gain,200,80,7,0.295391095852084,0.01706263633155375
primary_gain,200,90,0,0.21362653425380462,0.2766046242814962
primary_gain,200,90,1,0.19825425560057544,-0.14804712519510962
primary_gain,200,90,2,0.19913256473341584,0.2742436396682654
primary_gain,200,90,3,0.19202473948504434,0.054815428609880645
primary_gain,200,90,4,0.1611334577402531,0.1366715124398636
primary_gain,200,90,5,0.17670855410315278,0.0921191492391917
primary_gain,200,90,6,-0.06984275520943728,0.07087468015098447
primary_gain,200,90,7,0.2872631214216491,-0.04126640357475378
primary_gain,200,100,0,0.22943954175570952,0.2580382610597857
primary_gain,200,100,1,0.2170651437011871,-0.10364902508942239
primary_gain,200,100,2,0.20004131335017855,0.25514164915581833
primary_gain,200,100,3,0.22309610567048394,0.14085784651511118
primary_gain,200,100,4,0.16046970930828355,0.10466596381621078
primary_gain,200,100,5,0.17606947954041027,0.053202881538677166
primary_gain,200,100,6,-0.11040173492418592,-0.025825820866680338
primary_gain,200,100,7,0.30892618088102664,0.08091806366892976
primary_gain,200,110,0,0.18086841672559756,0.27407622673204524
primary_gain,200,110,1,0.2179760028701424,-0.08397544297942652
primary_gain,200,110,2,0.20116280422720545,0.28397152074067106
primary_gain,200,110,3,0.22256197108106646,0.12467504322725621
primary_gain,200,110,4,0.1528418403713984,0.0884818897499532
primary_gain,200,110,5,0.12454581868836545,-0.09416487355950065
primary_gain,200,110,6,-0.0958148244114509,-0.11250253512520336
primary_gain,200,110,7,0.33514346404312056,0.1532072287059342
primary_gain,200,120,0,0.1793684300642549,0.19486077469826327
primary_gain,200,120,1,0.23391055082402085,0.04714014765969629
primary_gain,200,120,2,0.19833294755370923,0.25775500138322793
primary_gain,200,120,3,0.2534242657359905,0.22815736452126667
primary_gain,200,120,4,0.13047091463735952,0.013150155679062109
primary_gain,200,120,5,0.10868395734982067,-0.13592332856260744
primary_gain,200,120,6,-0.09926436267924332,-0.17271138509602765
primary_gain,200,120,7,0.33753431937051326,0.16655689794496806
primary_gain,200,130,0,0.1764190001890371,0.2065850199900769
primary_gain,200,130,1,0.21998487077159667,0.042875010300449906
primary_gain,200,130,2,0.19498858192960727,0.248143704134269
primary_gain,200,130,3,0.2528671074272977,0.3124220399945866
primary_gain,200,130,4,0.1380433344266506,0.044903647370888006
primary_gain,200,130,5,0.0967196664225064,-0.24442486111872042
primary_gain,200,130,6,-0.0618498126063573,-0.008099274208636098
primary_gain,200,130,7,0.3068261957423886,0.16828582103799772
primary_gain,200,140,0,0.19566562029015894,0.20214265117671248
primary_gain,200,140,1,0.23646420077766406,0.0939447532369148
primary_gain,200,140,2,0.20393778886337582,0.24552956311210838
primary_gain,200,140,3,0.2728705412031075,0.298676093591707
primary_gain,200,140,4,0.143416445268785,0.08299328944698958
primary_gain,200,140,5,0.1022297500695642,-0.2871896376682306
primary_gain,200,140,6,-0.05430537679505376,-0.0693469221741072
primary_gain,200,140,7,0.3204240912691652,0.11901317931659233
primary_gain,200,150,0,0.1744428301663185,0.2146234456734664
primary_gain,200,150,1,0.24899081573156434,0.1765159150090589
primary_gain,200,150,2,0.2124112713627217,0.2257645597063079
primary_gain,200,150,3,0.2897130872212541,0.30968515612947284
primary_gain,200,150,4,0.14259723269482208,0.1749178393086985
primary_gain,200,150,5,0.09267379962189937,-0.1964681033836246
primary_gain,200,150,6,-0.05962302828376059,-0.08378936253215297
primary_gain,200,150,7,0.3201264844143723,0.12259761509092015
primary_gain,200,160,0,0.19864736232711466,0.12335157862114471
primary_gain,200,160,1,0.23887678800764972,0.15822281566904972
primary_gain,200,160,2,0.20867592339164082,0.23771190582450066
primary_gain,200,160,3,0.2712345785364505,0.2681649422442062
primary_gain,200,160,4,0.12504231869896382,0.1269345075217
primary_gain,200,160,5,0.07096184522923896,-0.2502788362601958
primary_gain,200,160,6,-0.06312893221575888,0.04327624390681509
primary_gain,200,160,7,0.31915751228417816,0.1305107397658168
primary_gain,200,170,0,0.19905681556008054,0.09359696814490204
primary_gain,200,170,1,0.23734887014551553,0.17996374156425907
primary_gain,200,170,2,0.21639115452537278,0.24663072387907942
primary_gain,200,170,3,0.23379127827948146,0.25631613520577085
primary_gain,200,170,4,0.15221758988506204,0.1359882234505282
primary_gain,200,170,5,0.11237206851908707,-0.019103591601965758
primary_gain,200,170,6,-0.07105604926933437,-0.09352600470822864
primary_gain,200,170,7,0.32410466808161914,0.1389174939111446
primary_gain,200,180,0,0.2003185541122753,0.2391814013229966
primary_gain,200,180,1,0.23714146818800513,0.1782287141097162
primary_gain,200,180,2,0.21448610244611616,0.26806632206708975
primary_gain,200,180,3,0.24996804387490926,0.3059682147106183
primary_gain,200,180,4,0.1513330249000988,0.1069751231957702
primary_gain,200,180,5,0.13327585837332648,-0.06052229041061549
primary_gain,200,180,6,-0.07509143337353077,-0.06789887143865542
primary_gain,200,180,7,0.33690823185292046,0.19362074597072437
primary_gain,200,190,0,0.19143314278914,0.25385783030056747
primary_gain,200,190,1,0.23218443764316135,0.1589316795885044
primary_gain,200,190,2,0.21007903476921153,0.29473312830481013
primary_gain,200,190,3,0.26083445888164913,0.3319060799993119
primary_gain,200,190,4,0.13489733312463537,0.11120922267088706
primary_gain,200,190,5,0.1378180402016149,-0.07499918204715864
primary_gain,200,190,6,-0.0688885897791599,-0.08836950329675897
primary_gain,200,190,7,0.36795289662257924,0.2420730261832611
primary_gain,200,200,0,0.21933775598614044,0.21373701728416322
primary_gain,200,200,1,0.22668102798746464,0.10869177693570235
primary_gain,200,200,2,0.2163297300986928,0.30832024303192646
primary_gain,200,200,3,0.25332991667767146,0.30688240805279726
primary_gain,200,200,4,0.1294367161634905,0.1205393190803283
primary_gain,200,200,5,0.13767325816094597,-0.10435036474480952
primary_gain,200,200,6,-0.06709281639310466,-0.01000790531234999
primary_gain,200,200,7,0.358579968431252,0.20889669826575485
